size,keywords,coping_patterns,stigma_indicators,emotional_language,cluster_id
55,"[{'keyword': 'reborn jesus', 'score': 0.5265}, {'keyword': 'sacrifice sins', 'score': 0.4758}, {'keyword': 'gift salvation', 'score': 0.4349}, {'keyword': 'christ loves', 'score': 0.4089}, {'keyword': 'heaven does', 'score': 0.4024}, {'keyword': 'gospel br', 'score': 0.3955}, {'keyword': 'die judgment', 'score': 0.3698}, {'keyword': 'corinthians 17', 'score': 0.321}, {'keyword': 'pay debt', 'score': 0.3028}, {'keyword': 'read john', 'score': 0.2754}]","{'help_seeking': {'count': 0, 'frequency': 0.0}, 'self_care': {'count': 0, 'frequency': 0.0}, 'support_networks': {'count': 0, 'frequency': 0.0}, 'treatment': {'count': 0, 'frequency': 0.0}}","{'shame': {'count': 1, 'frequency': 0.01818181818181818}, 'fear': {'count': 2, 'frequency': 0.03636363636363636}, 'dismissal': {'count': 2, 'frequency': 0.03636363636363636}, 'normalization': {'count': 0, 'frequency': 0.0}, 'self_blame': {'count': 0, 'frequency': 0.0}}","{'positive': {'count': 0, 'frequency': 0.0}, 'negative': {'count': 0, 'frequency': 0.0}, 'anxiety': {'count': 1, 'frequency': 0.01818181818181818}, 'depression': {'count': 0, 'frequency': 0.0}}",0
128,"[{'keyword': 'azula abused', 'score': 0.62}, {'keyword': 'zuko character', 'score': 0.5499}, {'keyword': 'villain therapy', 'score': 0.4042}, {'keyword': 'chloe', 'score': 0.3602}, {'keyword': 'ingrained child', 'score': 0.3472}, {'keyword': 'perfect daughter', 'score': 0.2963}, {'keyword': 'age iroh', 'score': 0.247}, {'keyword': 'grandmother death', 'score': 0.2301}, {'keyword': 'arc reunite', 'score': 0.1853}, {'keyword': 'agree imo', 'score': 0.1713}]","{'help_seeking': {'count': 3, 'frequency': 0.0234375}, 'self_care': {'count': 0, 'frequency': 0.0}, 'support_networks': {'count': 5, 'frequency': 0.0390625}, 'treatment': {'count': 1, 'frequency': 0.0078125}}","{'shame': {'count': 2, 'frequency': 0.015625}, 'fear': {'count': 1, 'frequency': 0.0078125}, 'dismissal': {'count': 3, 'frequency': 0.0234375}, 'normalization': {'count': 3, 'frequency': 0.0234375}, 'self_blame': {'count': 0, 'frequency': 0.0}}","{'positive': {'count': 3, 'frequency': 0.0234375}, 'negative': {'count': 1, 'frequency': 0.0078125}, 'anxiety': {'count': 1, 'frequency': 0.0078125}, 'depression': {'count': 1, 'frequency': 0.0078125}}",1
52,"[{'keyword': 'work andy', 'score': 0.4462}, {'keyword': 'miranda criticism', 'score': 0.3805}, {'keyword': 'career retaliation', 'score': 0.3733}, {'keyword': 'ceo behavior', 'score': 0.3072}, {'keyword': 'herm stress', 'score': 0.3055}, {'keyword': 'treats emily', 'score': 0.3054}, {'keyword': 'fashion ridiculous', 'score': 0.2694}, {'keyword': 'understanding friends', 'score': 0.2403}, {'keyword': 'nate doesn', 'score': 0.1928}, {'keyword': 'chained phone', 'score': 0.1743}]","{'help_seeking': {'count': 4, 'frequency': 0.07692307692307693}, 'self_care': {'count': 0, 'frequency': 0.0}, 'support_networks': {'count': 2, 'frequency': 0.038461538461538464}, 'treatment': {'count': 2, 'frequency': 0.038461538461538464}}","{'shame': {'count': 1, 'frequency': 0.019230769230769232}, 'fear': {'count': 1, 'frequency': 0.019230769230769232}, 'dismissal': {'count': 3, 'frequency': 0.057692307692307696}, 'normalization': {'count': 5, 'frequency': 0.09615384615384616}, 'self_blame': {'count': 0, 'frequency': 0.0}}","{'positive': {'count': 4, 'frequency': 0.07692307692307693}, 'negative': {'count': 0, 'frequency': 0.0}, 'anxiety': {'count': 2, 'frequency': 0.038461538461538464}, 'depression': {'count': 0, 'frequency': 0.0}}",2
107,"[{'keyword': 'bullied judy', 'score': 0.5496}, {'keyword': 'nick believed', 'score': 0.4662}, {'keyword': 'fox prejudice', 'score': 0.3828}, {'keyword': 'family connections', 'score': 0.2978}, {'keyword': 'accountability kink', 'score': 0.2649}, {'keyword': 'advocated interviewed', 'score': 0.2504}, {'keyword': 'astrid struggling', 'score': 0.2182}, {'keyword': 'standing child', 'score': 0.1926}, {'keyword': 'major differences', 'score': 0.1776}, {'keyword': 'understandable reactions', 'score': 0.1273}]","{'help_seeking': {'count': 3, 'frequency': 0.028037383177570093}, 'self_care': {'count': 0, 'frequency': 0.0}, 'support_networks': {'count': 5, 'frequency': 0.04672897196261682}, 'treatment': {'count': 1, 'frequency': 0.009345794392523364}}","{'shame': {'count': 4, 'frequency': 0.037383177570093455}, 'fear': {'count': 5, 'frequency': 0.04672897196261682}, 'dismissal': {'count': 3, 'frequency': 0.028037383177570093}, 'normalization': {'count': 1, 'frequency': 0.009345794392523364}, 'self_blame': {'count': 0, 'frequency': 0.0}}","{'positive': {'count': 3, 'frequency': 0.028037383177570093}, 'negative': {'count': 1, 'frequency': 0.009345794392523364}, 'anxiety': {'count': 3, 'frequency': 0.028037383177570093}, 'depression': {'count': 2, 'frequency': 0.018691588785046728}}",3
194,"[{'keyword': 'prejudice bridget', 'score': 0.6161}, {'keyword': 'hilarious darcy', 'score': 0.4042}, {'keyword': 'jones likable', 'score': 0.3265}, {'keyword': 'book personality', 'score': 0.2816}, {'keyword': 'displays humility', 'score': 0.2703}, {'keyword': 'movie buffs', 'score': 0.2515}, {'keyword': 'acting like', 'score': 0.2276}, {'keyword': 'relationship incredible', 'score': 0.2081}, {'keyword': 'totally agree', 'score': 0.1911}, {'keyword': 'reader inserts', 'score': 0.1257}]","{'help_seeking': {'count': 3, 'frequency': 0.015463917525773196}, 'self_care': {'count': 1, 'frequency': 0.005154639175257732}, 'support_networks': {'count': 4, 'frequency': 0.020618556701030927}, 'treatment': {'count': 1, 'frequency': 0.005154639175257732}}","{'shame': {'count': 2, 'frequency': 0.010309278350515464}, 'fear': {'count': 3, 'frequency': 0.015463917525773196}, 'dismissal': {'count': 4, 'frequency': 0.020618556701030927}, 'normalization': {'count': 3, 'frequency': 0.015463917525773196}, 'self_blame': {'count': 1, 'frequency': 0.005154639175257732}}","{'positive': {'count': 4, 'frequency': 0.020618556701030927}, 'negative': {'count': 5, 'frequency': 0.02577319587628866}, 'anxiety': {'count': 3, 'frequency': 0.015463917525773196}, 'depression': {'count': 6, 'frequency': 0.030927835051546393}}",4
156,"[{'keyword': 'frodo sam', 'score': 0.6729}, {'keyword': 'hero trilogy', 'score': 0.3294}, {'keyword': 'characters reason', 'score': 0.2974}, {'keyword': 'forget shire', 'score': 0.2882}, {'keyword': 'cast great', 'score': 0.2858}, {'keyword': 'rings adventurousness', 'score': 0.2628}, {'keyword': 'advises faramir', 'score': 0.2533}, {'keyword': 'capes exactly', 'score': 0.2333}, {'keyword': 'carries easily', 'score': 0.1916}, {'keyword': 'agrees', 'score': 0.1575}]","{'help_seeking': {'count': 4, 'frequency': 0.02564102564102564}, 'self_care': {'count': 1, 'frequency': 0.00641025641025641}, 'support_networks': {'count': 5, 'frequency': 0.03205128205128205}, 'treatment': {'count': 2, 'frequency': 0.01282051282051282}}","{'shame': {'count': 3, 'frequency': 0.019230769230769232}, 'fear': {'count': 4, 'frequency': 0.02564102564102564}, 'dismissal': {'count': 2, 'frequency': 0.01282051282051282}, 'normalization': {'count': 3, 'frequency': 0.019230769230769232}, 'self_blame': {'count': 0, 'frequency': 0.0}}","{'positive': {'count': 3, 'frequency': 0.019230769230769232}, 'negative': {'count': 1, 'frequency': 0.00641025641025641}, 'anxiety': {'count': 2, 'frequency': 0.01282051282051282}, 'depression': {'count': 2, 'frequency': 0.01282051282051282}}",5
55,"[{'keyword': 'loki amazing', 'score': 0.6044}, {'keyword': 'loved series', 'score': 0.38}, {'keyword': 'acting storytelling', 'score': 0.2585}, {'keyword': 'cell asgard', 'score': 0.2243}, {'keyword': 't9r criticism', 'score': 0.214}, {'keyword': 'agree definitely', 'score': 0.2015}, {'keyword': 'geeking visual', 'score': 0.1911}, {'keyword': 'nightmarish bureaucracy', 'score': 0.1393}, {'keyword': 'literally begins', 'score': 0.1311}, {'keyword': 'impostor syndrome', 'score': 0.0905}]","{'help_seeking': {'count': 2, 'frequency': 0.03636363636363636}, 'self_care': {'count': 1, 'frequency': 0.01818181818181818}, 'support_networks': {'count': 3, 'frequency': 0.05454545454545454}, 'treatment': {'count': 1, 'frequency': 0.01818181818181818}}","{'shame': {'count': 1, 'frequency': 0.01818181818181818}, 'fear': {'count': 2, 'frequency': 0.03636363636363636}, 'dismissal': {'count': 3, 'frequency': 0.05454545454545454}, 'normalization': {'count': 1, 'frequency': 0.01818181818181818}, 'self_blame': {'count': 2, 'frequency': 0.03636363636363636}}","{'positive': {'count': 4, 'frequency': 0.07272727272727272}, 'negative': {'count': 1, 'frequency': 0.01818181818181818}, 'anxiety': {'count': 2, 'frequency': 0.03636363636363636}, 'depression': {'count': 2, 'frequency': 0.03636363636363636}}",6
67,"[{'keyword': 'film superman', 'score': 0.7143}, {'keyword': 'opinions superman', 'score': 0.6903}, {'keyword': 'reeve favorite', 'score': 0.5481}, {'keyword': 'listen clark', 'score': 0.4039}, {'keyword': 'kent man', 'score': 0.3622}, {'keyword': 'agree portrayal', 'score': 0.2995}, {'keyword': 'loved christopher', 'score': 0.2937}, {'keyword': 'humanities noble', 'score': 0.1811}, {'keyword': 'cell research', 'score': 0.1743}, {'keyword': 'advocating disabilities', 'score': 0.164}]","{'help_seeking': {'count': 2, 'frequency': 0.029850746268656716}, 'self_care': {'count': 0, 'frequency': 0.0}, 'support_networks': {'count': 2, 'frequency': 0.029850746268656716}, 'treatment': {'count': 1, 'frequency': 0.014925373134328358}}","{'shame': {'count': 3, 'frequency': 0.04477611940298507}, 'fear': {'count': 2, 'frequency': 0.029850746268656716}, 'dismissal': {'count': 2, 'frequency': 0.029850746268656716}, 'normalization': {'count': 1, 'frequency': 0.014925373134328358}, 'self_blame': {'count': 0, 'frequency': 0.0}}","{'positive': {'count': 3, 'frequency': 0.04477611940298507}, 'negative': {'count': 1, 'frequency': 0.014925373134328358}, 'anxiety': {'count': 1, 'frequency': 0.014925373134328358}, 'depression': {'count': 1, 'frequency': 0.014925373134328358}}",7
123,"[{'keyword': 'course href', 'score': 0.6559}, {'keyword': 'href', 'score': 0.5518}, {'keyword': 'href improve', 'score': 0.509}, {'keyword': 'free course', 'score': 0.3342}, {'keyword': 'health free', 'score': 0.3247}, {'keyword': 'mental health', 'score': 0.2843}, {'keyword': 'improve mental', 'score': 0.261}, {'keyword': 'health', 'score': 0.2556}, {'keyword': 'improve', 'score': 0.1678}, {'keyword': 'course', 'score': 0.1475}]","{'help_seeking': {'count': 0, 'frequency': 0.0}, 'self_care': {'count': 0, 'frequency': 0.0}, 'support_networks': {'count': 0, 'frequency': 0.0}, 'treatment': {'count': 0, 'frequency': 0.0}}","{'shame': {'count': 0, 'frequency': 0.0}, 'fear': {'count': 0, 'frequency': 0.0}, 'dismissal': {'count': 0, 'frequency': 0.0}, 'normalization': {'count': 0, 'frequency': 0.0}, 'self_blame': {'count': 0, 'frequency': 0.0}}","{'positive': {'count': 0, 'frequency': 0.0}, 'negative': {'count': 0, 'frequency': 0.0}, 'anxiety': {'count': 0, 'frequency': 0.0}, 'depression': {'count': 0, 'frequency': 0.0}}",8
194,"[{'keyword': 'course href', 'score': 0.6559}, {'keyword': 'href', 'score': 0.5518}, {'keyword': 'href improve', 'score': 0.509}, {'keyword': 'free course', 'score': 0.3342}, {'keyword': 'health free', 'score': 0.3247}, {'keyword': 'mental health', 'score': 0.2843}, {'keyword': 'improve mental', 'score': 0.261}, {'keyword': 'health', 'score': 0.2556}, {'keyword': 'improve', 'score': 0.1678}, {'keyword': 'course', 'score': 0.1475}]","{'help_seeking': {'count': 0, 'frequency': 0.0}, 'self_care': {'count': 0, 'frequency': 0.0}, 'support_networks': {'count': 0, 'frequency': 0.0}, 'treatment': {'count': 0, 'frequency': 0.0}}","{'shame': {'count': 0, 'frequency': 0.0}, 'fear': {'count': 0, 'frequency': 0.0}, 'dismissal': {'count': 0, 'frequency': 0.0}, 'normalization': {'count': 0, 'frequency': 0.0}, 'self_blame': {'count': 0, 'frequency': 0.0}}","{'positive': {'count': 0, 'frequency': 0.0}, 'negative': {'count': 0, 'frequency': 0.0}, 'anxiety': {'count': 0, 'frequency': 0.0}, 'depression': {'count': 0, 'frequency': 0.0}}",9
55,"[{'keyword': 'manage tinnitus', 'score': 0.7173}, {'keyword': 'reduction ringing', 'score': 0.4476}, {'keyword': 'hearing hope', 'score': 0.3016}, {'keyword': 'bereavement anxiety', 'score': 0.2643}, {'keyword': 'catastrophise experience', 'score': 0.2627}, {'keyword': 'cure xanax', 'score': 0.2555}, {'keyword': 'wax removal', 'score': 0.2539}, {'keyword': 'symptoms disappear', 'score': 0.2413}, {'keyword': 'chronic pain', 'score': 0.2402}, {'keyword': 'counsel change', 'score': 0.1665}]","{'help_seeking': {'count': 4, 'frequency': 0.07272727272727272}, 'self_care': {'count': 2, 'frequency': 0.03636363636363636}, 'support_networks': {'count': 0, 'frequency': 0.0}, 'treatment': {'count': 3, 'frequency': 0.05454545454545454}}","{'shame': {'count': 0, 'frequency': 0.0}, 'fear': {'count': 4, 'frequency': 0.07272727272727272}, 'dismissal': {'count': 2, 'frequency': 0.03636363636363636}, 'normalization': {'count': 2, 'frequency': 0.03636363636363636}, 'self_blame': {'count': 0, 'frequency': 0.0}}","{'positive': {'count': 2, 'frequency': 0.03636363636363636}, 'negative': {'count': 1, 'frequency': 0.01818181818181818}, 'anxiety': {'count': 4, 'frequency': 0.07272727272727272}, 'depression': {'count': 1, 'frequency': 0.01818181818181818}}",10
55,"[{'keyword': 'ketamine therapy', 'score': 0.6778}, {'keyword': 'pushing xanax', 'score': 0.4948}, {'keyword': 'depression drug', 'score': 0.4646}, {'keyword': 'help suicidal', 'score': 0.3999}, {'keyword': 'treatment cost', 'score': 0.3286}, {'keyword': 'medicate bad', 'score': 0.3159}, {'keyword': 'therapy experience', 'score': 0.3145}, {'keyword': 'matthewperry', 'score': 0.1725}, {'keyword': 'australia ridiculous', 'score': 0.1205}, {'keyword': 'method schenelle79it', 'score': 0.1061}]","{'help_seeking': {'count': 6, 'frequency': 0.10909090909090909}, 'self_care': {'count': 0, 'frequency': 0.0}, 'support_networks': {'count': 4, 'frequency': 0.07272727272727272}, 'treatment': {'count': 5, 'frequency': 0.09090909090909091}}","{'shame': {'count': 0, 'frequency': 0.0}, 'fear': {'count': 2, 'frequency': 0.03636363636363636}, 'dismissal': {'count': 2, 'frequency': 0.03636363636363636}, 'normalization': {'count': 2, 'frequency': 0.03636363636363636}, 'self_blame': {'count': 0, 'frequency': 0.0}}","{'positive': {'count': 5, 'frequency': 0.09090909090909091}, 'negative': {'count': 1, 'frequency': 0.01818181818181818}, 'anxiety': {'count': 2, 'frequency': 0.03636363636363636}, 'depression': {'count': 2, 'frequency': 0.03636363636363636}}",11
51,"[{'keyword': 'point great', 'score': 0.4681}, {'keyword': 'points insightful', 'score': 0.437}, {'keyword': 'great points', 'score': 0.4197}, {'keyword': 'points good', 'score': 0.3841}, {'keyword': 'great insight', 'score': 0.3253}, {'keyword': 'insightful beautiful', 'score': 0.3175}, {'keyword': 'observation yeah', 'score': 0.2536}, {'keyword': 'thank good', 'score': 0.1961}, {'keyword': 'thats great', 'score': 0.1521}, {'keyword': 'ooh', 'score': 0.0715}]","{'help_seeking': {'count': 0, 'frequency': 0.0}, 'self_care': {'count': 0, 'frequency': 0.0}, 'support_networks': {'count': 0, 'frequency': 0.0}, 'treatment': {'count': 0, 'frequency': 0.0}}","{'shame': {'count': 0, 'frequency': 0.0}, 'fear': {'count': 0, 'frequency': 0.0}, 'dismissal': {'count': 0, 'frequency': 0.0}, 'normalization': {'count': 0, 'frequency': 0.0}, 'self_blame': {'count': 0, 'frequency': 0.0}}","{'positive': {'count': 0, 'frequency': 0.0}, 'negative': {'count': 0, 'frequency': 0.0}, 'anxiety': {'count': 0, 'frequency': 0.0}, 'depression': {'count': 0, 'frequency': 0.0}}",12
168,"[{'keyword': 'agree completely', 'score': 0.4151}, {'keyword': 'agree 100', 'score': 0.4025}, {'keyword': 'amazing completely', 'score': 0.3345}, {'keyword': 'beautifully said', 'score': 0.2664}, {'keyword': 'wholeheartedly', 'score': 0.2635}, {'keyword': 'thank', 'score': 0.1768}, {'keyword': 'comments true', 'score': 0.1755}, {'keyword': '100 yes', 'score': 0.1195}, {'keyword': 'absolutely', 'score': 0.1166}, {'keyword': 'haha', 'score': 0.0662}]","{'help_seeking': {'count': 0, 'frequency': 0.0}, 'self_care': {'count': 0, 'frequency': 0.0}, 'support_networks': {'count': 0, 'frequency': 0.0}, 'treatment': {'count': 0, 'frequency': 0.0}}","{'shame': {'count': 0, 'frequency': 0.0}, 'fear': {'count': 0, 'frequency': 0.0}, 'dismissal': {'count': 0, 'frequency': 0.0}, 'normalization': {'count': 0, 'frequency': 0.0}, 'self_blame': {'count': 0, 'frequency': 0.0}}","{'positive': {'count': 0, 'frequency': 0.0}, 'negative': {'count': 0, 'frequency': 0.0}, 'anxiety': {'count': 0, 'frequency': 0.0}, 'depression': {'count': 0, 'frequency': 0.0}}",13
93,"[{'keyword': 'feel feel', 'score': 0.3513}, {'keyword': 'waiting feel', 'score': 0.291}, {'keyword': 'happening', 'score': 0.1486}, {'keyword': 'way waiting', 'score': 0.1332}, {'keyword': 'haha love', 'score': 0.1231}, {'keyword': 'ur', 'score': 0.0582}, {'keyword': 'problem issue', 'score': 0.037}, {'keyword': 'yep', 'score': 0.0285}, {'keyword': 'exact way', 'score': 0.0266}, {'keyword': 'exactly definitely', 'score': -0.0273}]","{'help_seeking': {'count': 0, 'frequency': 0.0}, 'self_care': {'count': 0, 'frequency': 0.0}, 'support_networks': {'count': 0, 'frequency': 0.0}, 'treatment': {'count': 0, 'frequency': 0.0}}","{'shame': {'count': 0, 'frequency': 0.0}, 'fear': {'count': 0, 'frequency': 0.0}, 'dismissal': {'count': 0, 'frequency': 0.0}, 'normalization': {'count': 0, 'frequency': 0.0}, 'self_blame': {'count': 0, 'frequency': 0.0}}","{'positive': {'count': 0, 'frequency': 0.0}, 'negative': {'count': 0, 'frequency': 0.0}, 'anxiety': {'count': 0, 'frequency': 0.0}, 'depression': {'count': 0, 'frequency': 0.0}}",14
456,"[{'keyword': 'joking href', 'score': 0.6208}, {'keyword': 'timestamp href', 'score': 0.5513}, {'keyword': '39 href', 'score': 0.5}, {'keyword': 'movies href', 'score': 0.4884}, {'keyword': 'comments just', 'score': 0.3162}, {'keyword': 'quote bar', 'score': 0.3069}, {'keyword': 'editor note', 'score': 0.2776}, {'keyword': 'love videos', 'score': 0.2363}, {'keyword': 'huntercormier8139 read', 'score': 0.2178}, {'keyword': 'time introspection', 'score': 0.1735}]","{'help_seeking': {'count': 4, 'frequency': 0.008771929824561403}, 'self_care': {'count': 3, 'frequency': 0.006578947368421052}, 'support_networks': {'count': 4, 'frequency': 0.008771929824561403}, 'treatment': {'count': 2, 'frequency': 0.0043859649122807015}}","{'shame': {'count': 2, 'frequency': 0.0043859649122807015}, 'fear': {'count': 3, 'frequency': 0.006578947368421052}, 'dismissal': {'count': 2, 'frequency': 0.0043859649122807015}, 'normalization': {'count': 3, 'frequency': 0.006578947368421052}, 'self_blame': {'count': 0, 'frequency': 0.0}}","{'positive': {'count': 2, 'frequency': 0.0043859649122807015}, 'negative': {'count': 2, 'frequency': 0.0043859649122807015}, 'anxiety': {'count': 4, 'frequency': 0.008771929824561403}, 'depression': {'count': 4, 'frequency': 0.008771929824561403}}",15
80,"[{'keyword': 'tips wonderful', 'score': 0.4615}, {'keyword': 'advice thankyou', 'score': 0.3404}, {'keyword': 'tips gratitude', 'score': 0.3376}, {'keyword': 'thx blessings', 'score': 0.3109}, {'keyword': 'really helpful', 'score': 0.3014}, {'keyword': 'sharing great', 'score': 0.288}, {'keyword': 'advice compassion', 'score': 0.2769}, {'keyword': 'thank taking', 'score': 0.2452}, {'keyword': 'follow incredible', 'score': 0.151}, {'keyword': 'conveyed', 'score': 0.0596}]","{'help_seeking': {'count': 1, 'frequency': 0.0125}, 'self_care': {'count': 0, 'frequency': 0.0}, 'support_networks': {'count': 1, 'frequency': 0.0125}, 'treatment': {'count': 0, 'frequency': 0.0}}","{'shame': {'count': 0, 'frequency': 0.0}, 'fear': {'count': 0, 'frequency': 0.0}, 'dismissal': {'count': 0, 'frequency': 0.0}, 'normalization': {'count': 0, 'frequency': 0.0}, 'self_blame': {'count': 0, 'frequency': 0.0}}","{'positive': {'count': 0, 'frequency': 0.0}, 'negative': {'count': 0, 'frequency': 0.0}, 'anxiety': {'count': 0, 'frequency': 0.0}, 'depression': {'count': 0, 'frequency': 0.0}}",16
73,"[{'keyword': 'sincerely monicacall7532', 'score': 0.4901}, {'keyword': 'thank sweetdreams1028edited', 'score': 0.4859}, {'keyword': 'aimeenotamy3 thank', 'score': 0.4762}, {'keyword': 'fantomanimus6401 thank', 'score': 0.3836}, {'keyword': 'thanks cbreptiles1', 'score': 0.3597}, {'keyword': 'welcome brybrybillions', 'score': 0.2958}, {'keyword': 'll definitely', 'score': 0.2786}, {'keyword': 'thank kind', 'score': 0.2769}, {'keyword': 'doing just', 'score': 0.2356}, {'keyword': 'words mariecarie1', 'score': 0.2314}]","{'help_seeking': {'count': 1, 'frequency': 0.0136986301369863}, 'self_care': {'count': 0, 'frequency': 0.0}, 'support_networks': {'count': 0, 'frequency': 0.0}, 'treatment': {'count': 1, 'frequency': 0.0136986301369863}}","{'shame': {'count': 0, 'frequency': 0.0}, 'fear': {'count': 0, 'frequency': 0.0}, 'dismissal': {'count': 1, 'frequency': 0.0136986301369863}, 'normalization': {'count': 0, 'frequency': 0.0}, 'self_blame': {'count': 0, 'frequency': 0.0}}","{'positive': {'count': 1, 'frequency': 0.0136986301369863}, 'negative': {'count': 0, 'frequency': 0.0}, 'anxiety': {'count': 0, 'frequency': 0.0}, 'depression': {'count': 0, 'frequency': 0.0}}",17
123,"[{'keyword': 'crying movie', 'score': 0.5502}, {'keyword': 'beautiful movie', 'score': 0.4859}, {'keyword': 'movie father', 'score': 0.4572}, {'keyword': 'heartbreaking wonderful', 'score': 0.42}, {'keyword': 'movie favorites', 'score': 0.3834}, {'keyword': 'enjoyed scene', 'score': 0.329}, {'keyword': 'love palpable', 'score': 0.2596}, {'keyword': '39 amazing', 'score': 0.2205}, {'keyword': 'dad absolutely', 'score': 0.2156}, {'keyword': 'haha everytime', 'score': 0.1421}]","{'help_seeking': {'count': 1, 'frequency': 0.008130081300813009}, 'self_care': {'count': 0, 'frequency': 0.0}, 'support_networks': {'count': 2, 'frequency': 0.016260162601626018}, 'treatment': {'count': 1, 'frequency': 0.008130081300813009}}","{'shame': {'count': 0, 'frequency': 0.0}, 'fear': {'count': 4, 'frequency': 0.032520325203252036}, 'dismissal': {'count': 2, 'frequency': 0.016260162601626018}, 'normalization': {'count': 2, 'frequency': 0.016260162601626018}, 'self_blame': {'count': 0, 'frequency': 0.0}}","{'positive': {'count': 4, 'frequency': 0.032520325203252036}, 'negative': {'count': 0, 'frequency': 0.0}, 'anxiety': {'count': 2, 'frequency': 0.016260162601626018}, 'depression': {'count': 1, 'frequency': 0.008130081300813009}}",18
101,"[{'keyword': 'mowingformentalhealth cheers', 'score': 0.7088}, {'keyword': 'doing great', 'score': 0.3552}, {'keyword': '39 enjoyable', 'score': 0.3056}, {'keyword': 'cheer sure', 'score': 0.2925}, {'keyword': 'll handle', 'score': 0.2876}, {'keyword': 'lol thanks', 'score': 0.256}, {'keyword': 'kind heart', 'score': 0.234}, {'keyword': 'seeing yard', 'score': 0.2146}, {'keyword': 'work mixed', 'score': 0.212}, {'keyword': 'follow facebook', 'score': 0.1282}]","{'help_seeking': {'count': 1, 'frequency': 0.009900990099009901}, 'self_care': {'count': 0, 'frequency': 0.0}, 'support_networks': {'count': 3, 'frequency': 0.0297029702970297}, 'treatment': {'count': 0, 'frequency': 0.0}}","{'shame': {'count': 0, 'frequency': 0.0}, 'fear': {'count': 0, 'frequency': 0.0}, 'dismissal': {'count': 1, 'frequency': 0.009900990099009901}, 'normalization': {'count': 0, 'frequency': 0.0}, 'self_blame': {'count': 0, 'frequency': 0.0}}","{'positive': {'count': 1, 'frequency': 0.009900990099009901}, 'negative': {'count': 0, 'frequency': 0.0}, 'anxiety': {'count': 0, 'frequency': 0.0}, 'depression': {'count': 1, 'frequency': 0.009900990099009901}}",19
50,"[{'keyword': 'distinction ocd', 'score': 0.671}, {'keyword': 'learned ocpd', 'score': 0.4379}, {'keyword': 'questioning things', 'score': 0.2187}, {'keyword': '39 interesting', 'score': 0.1695}, {'keyword': 'things organized', 'score': 0.1377}, {'keyword': 'everyday constant', 'score': 0.1178}, {'keyword': 'causes panic', 'score': 0.107}, {'keyword': 'definitely helpful', 'score': 0.0986}, {'keyword': 'media needs', 'score': 0.0746}, {'keyword': 'mentalhealth href', 'score': 0.0648}]","{'help_seeking': {'count': 5, 'frequency': 0.1}, 'self_care': {'count': 0, 'frequency': 0.0}, 'support_networks': {'count': 1, 'frequency': 0.02}, 'treatment': {'count': 4, 'frequency': 0.08}}","{'shame': {'count': 0, 'frequency': 0.0}, 'fear': {'count': 2, 'frequency': 0.04}, 'dismissal': {'count': 3, 'frequency': 0.06}, 'normalization': {'count': 1, 'frequency': 0.02}, 'self_blame': {'count': 0, 'frequency': 0.0}}","{'positive': {'count': 4, 'frequency': 0.08}, 'negative': {'count': 0, 'frequency': 0.0}, 'anxiety': {'count': 2, 'frequency': 0.04}, 'depression': {'count': 0, 'frequency': 0.0}}",20
99,"[{'keyword': 'breathing meditation', 'score': 0.6514}, {'keyword': 'thoughts anxiety', 'score': 0.5153}, {'keyword': 'relax daily', 'score': 0.5052}, {'keyword': 'stress overthinking', 'score': 0.4973}, {'keyword': 'overthinking negative', 'score': 0.3669}, {'keyword': 'avoid moving', 'score': 0.3055}, {'keyword': 'practice reacting', 'score': 0.2892}, {'keyword': 'avoid constipation', 'score': 0.2785}, {'keyword': 'alternate nostril', 'score': 0.2283}, {'keyword': 'alirosenbusch151 reduce', 'score': 0.0985}]","{'help_seeking': {'count': 3, 'frequency': 0.030303030303030304}, 'self_care': {'count': 4, 'frequency': 0.04040404040404041}, 'support_networks': {'count': 0, 'frequency': 0.0}, 'treatment': {'count': 2, 'frequency': 0.020202020202020204}}","{'shame': {'count': 0, 'frequency': 0.0}, 'fear': {'count': 1, 'frequency': 0.010101010101010102}, 'dismissal': {'count': 3, 'frequency': 0.030303030303030304}, 'normalization': {'count': 1, 'frequency': 0.010101010101010102}, 'self_blame': {'count': 0, 'frequency': 0.0}}","{'positive': {'count': 3, 'frequency': 0.030303030303030304}, 'negative': {'count': 0, 'frequency': 0.0}, 'anxiety': {'count': 1, 'frequency': 0.010101010101010102}, 'depression': {'count': 0, 'frequency': 0.0}}",21
177,"[{'keyword': 'cinematherapyshow appreciate', 'score': 0.6708}, {'keyword': 'video yall', 'score': 0.3274}, {'keyword': 'review', 'score': 0.286}, {'keyword': 'doing kind', 'score': 0.2529}, {'keyword': 'sure amazing', 'score': 0.2326}, {'keyword': 'attention 39', 'score': 0.2149}, {'keyword': 'work channel', 'score': 0.2125}, {'keyword': 'disappoint thank', 'score': 0.1871}, {'keyword': 'say haha', 'score': 0.1785}, {'keyword': 'breaking rule', 'score': 0.1604}]","{'help_seeking': {'count': 2, 'frequency': 0.011299435028248588}, 'self_care': {'count': 0, 'frequency': 0.0}, 'support_networks': {'count': 2, 'frequency': 0.011299435028248588}, 'treatment': {'count': 1, 'frequency': 0.005649717514124294}}","{'shame': {'count': 0, 'frequency': 0.0}, 'fear': {'count': 0, 'frequency': 0.0}, 'dismissal': {'count': 2, 'frequency': 0.011299435028248588}, 'normalization': {'count': 1, 'frequency': 0.005649717514124294}, 'self_blame': {'count': 0, 'frequency': 0.0}}","{'positive': {'count': 3, 'frequency': 0.01694915254237288}, 'negative': {'count': 1, 'frequency': 0.005649717514124294}, 'anxiety': {'count': 0, 'frequency': 0.0}, 'depression': {'count': 3, 'frequency': 0.01694915254237288}}",22
53,"[{'keyword': 'doing okay', 'score': 0.3394}, {'keyword': 'asking doing', 'score': 0.3269}, {'keyword': 'friend doing', 'score': 0.3023}, {'keyword': 'mind asking', 'score': 0.2213}, {'keyword': 'girl doing', 'score': 0.1945}, {'keyword': 'hope', 'score': 0.1507}, {'keyword': 'friend', 'score': 0.1501}, {'keyword': 'today', 'score': 0.1321}, {'keyword': 'dear', 'score': 0.1314}, {'keyword': 'don', 'score': 0.1268}]","{'help_seeking': {'count': 0, 'frequency': 0.0}, 'self_care': {'count': 0, 'frequency': 0.0}, 'support_networks': {'count': 0, 'frequency': 0.0}, 'treatment': {'count': 0, 'frequency': 0.0}}","{'shame': {'count': 0, 'frequency': 0.0}, 'fear': {'count': 0, 'frequency': 0.0}, 'dismissal': {'count': 0, 'frequency': 0.0}, 'normalization': {'count': 0, 'frequency': 0.0}, 'self_blame': {'count': 0, 'frequency': 0.0}}","{'positive': {'count': 1, 'frequency': 0.018867924528301886}, 'negative': {'count': 0, 'frequency': 0.0}, 'anxiety': {'count': 0, 'frequency': 0.0}, 'depression': {'count': 0, 'frequency': 0.0}}",23
88,"[{'keyword': 'family congratulations', 'score': 0.6055}, {'keyword': 'congratulations blessings', 'score': 0.5448}, {'keyword': 'congratulations congrats', 'score': 0.5221}, {'keyword': 'congratulations wishing', 'score': 0.4972}, {'keyword': 'aww congratulations', 'score': 0.4868}, {'keyword': 'beautiful baby', 'score': 0.3449}, {'keyword': 'sweetest lucky', 'score': 0.3038}, {'keyword': 'thanks blessing', 'score': 0.2981}, {'keyword': '39 ll', 'score': 0.1504}, {'keyword': 'care', 'score': 0.138}]","{'help_seeking': {'count': 0, 'frequency': 0.0}, 'self_care': {'count': 0, 'frequency': 0.0}, 'support_networks': {'count': 1, 'frequency': 0.011363636363636364}, 'treatment': {'count': 0, 'frequency': 0.0}}","{'shame': {'count': 0, 'frequency': 0.0}, 'fear': {'count': 0, 'frequency': 0.0}, 'dismissal': {'count': 0, 'frequency': 0.0}, 'normalization': {'count': 0, 'frequency': 0.0}, 'self_blame': {'count': 0, 'frequency': 0.0}}","{'positive': {'count': 0, 'frequency': 0.0}, 'negative': {'count': 0, 'frequency': 0.0}, 'anxiety': {'count': 0, 'frequency': 0.0}, 'depression': {'count': 0, 'frequency': 0.0}}",24
119,"[{'keyword': 'sharing awww', 'score': 0.3598}, {'keyword': 'awesome awww', 'score': 0.3433}, {'keyword': '39 amazing', 'score': 0.2724}, {'keyword': 'sooo sweet', 'score': 0.2698}, {'keyword': 'cutest baby', 'score': 0.2559}, {'keyword': 'beautiful love', 'score': 0.2453}, {'keyword': 'incredible ugh', 'score': 0.2449}, {'keyword': 'thanks watching', 'score': 0.2408}, {'keyword': 'haha', 'score': 0.1332}, {'keyword': 'ridiculously', 'score': 0.0882}]","{'help_seeking': {'count': 0, 'frequency': 0.0}, 'self_care': {'count': 0, 'frequency': 0.0}, 'support_networks': {'count': 1, 'frequency': 0.008403361344537815}, 'treatment': {'count': 0, 'frequency': 0.0}}","{'shame': {'count': 0, 'frequency': 0.0}, 'fear': {'count': 0, 'frequency': 0.0}, 'dismissal': {'count': 1, 'frequency': 0.008403361344537815}, 'normalization': {'count': 0, 'frequency': 0.0}, 'self_blame': {'count': 0, 'frequency': 0.0}}","{'positive': {'count': 0, 'frequency': 0.0}, 'negative': {'count': 0, 'frequency': 0.0}, 'anxiety': {'count': 0, 'frequency': 0.0}, 'depression': {'count': 0, 'frequency': 0.0}}",25
57,"[{'keyword': 'thank forever', 'score': 0.28}, {'keyword': 'thank wonderful', 'score': 0.2159}, {'keyword': 'thank thank', 'score': 0.2125}, {'keyword': 'truly amazing', 'score': 0.208}, {'keyword': 'xx excellent', 'score': 0.199}, {'keyword': 'thanks awesome', 'score': 0.1663}, {'keyword': 'awesome great', 'score': 0.1107}, {'keyword': 'love', 'score': 0.1086}, {'keyword': 'truly', 'score': 0.0239}, {'keyword': 'quite', 'score': -0.0245}]","{'help_seeking': {'count': 0, 'frequency': 0.0}, 'self_care': {'count': 0, 'frequency': 0.0}, 'support_networks': {'count': 0, 'frequency': 0.0}, 'treatment': {'count': 0, 'frequency': 0.0}}","{'shame': {'count': 0, 'frequency': 0.0}, 'fear': {'count': 0, 'frequency': 0.0}, 'dismissal': {'count': 0, 'frequency': 0.0}, 'normalization': {'count': 0, 'frequency': 0.0}, 'self_blame': {'count': 0, 'frequency': 0.0}}","{'positive': {'count': 0, 'frequency': 0.0}, 'negative': {'count': 0, 'frequency': 0.0}, 'anxiety': {'count': 0, 'frequency': 0.0}, 'depression': {'count': 0, 'frequency': 0.0}}",26
82,"[{'keyword': 'thanks watching', 'score': 0.4308}, {'keyword': 'hope enjoyed', 'score': 0.3434}, {'keyword': 'pleasure thanks', 'score': 0.3247}, {'keyword': 'liked thanks', 'score': 0.2837}, {'keyword': 'glad', 'score': 0.2273}, {'keyword': 'watching love', 'score': 0.1359}, {'keyword': 'sharing comment', 'score': 0.089}, {'keyword': 'got', 'score': 0.0773}, {'keyword': 'hi', 'score': 0.0657}, {'keyword': 'agree', 'score': 0.0451}]","{'help_seeking': {'count': 0, 'frequency': 0.0}, 'self_care': {'count': 0, 'frequency': 0.0}, 'support_networks': {'count': 1, 'frequency': 0.012195121951219513}, 'treatment': {'count': 0, 'frequency': 0.0}}","{'shame': {'count': 0, 'frequency': 0.0}, 'fear': {'count': 0, 'frequency': 0.0}, 'dismissal': {'count': 0, 'frequency': 0.0}, 'normalization': {'count': 0, 'frequency': 0.0}, 'self_blame': {'count': 0, 'frequency': 0.0}}","{'positive': {'count': 1, 'frequency': 0.012195121951219513}, 'negative': {'count': 0, 'frequency': 0.0}, 'anxiety': {'count': 0, 'frequency': 0.0}, 'depression': {'count': 0, 'frequency': 0.0}}",27
162,"[{'keyword': 'beautiful work', 'score': 0.4657}, {'keyword': 'job fantastic', 'score': 0.4128}, {'keyword': 'great job', 'score': 0.4105}, {'keyword': 'job love', 'score': 0.3067}, {'keyword': 'amazing love', 'score': 0.3063}, {'keyword': 'thank great', 'score': 0.2955}, {'keyword': 'wow', 'score': 0.2398}, {'keyword': 'mate', 'score': 0.1886}, {'keyword': 'tyler fantastic', 'score': 0.1763}, {'keyword': 'absolutely', 'score': 0.1138}]","{'help_seeking': {'count': 0, 'frequency': 0.0}, 'self_care': {'count': 0, 'frequency': 0.0}, 'support_networks': {'count': 0, 'frequency': 0.0}, 'treatment': {'count': 0, 'frequency': 0.0}}","{'shame': {'count': 0, 'frequency': 0.0}, 'fear': {'count': 0, 'frequency': 0.0}, 'dismissal': {'count': 0, 'frequency': 0.0}, 'normalization': {'count': 0, 'frequency': 0.0}, 'self_blame': {'count': 0, 'frequency': 0.0}}","{'positive': {'count': 0, 'frequency': 0.0}, 'negative': {'count': 0, 'frequency': 0.0}, 'anxiety': {'count': 0, 'frequency': 0.0}, 'depression': {'count': 0, 'frequency': 0.0}}",28
96,"[{'keyword': 'love loved', 'score': 0.3736}, {'keyword': 'love love', 'score': 0.3603}, {'keyword': 'love', 'score': 0.358}, {'keyword': 'loved', 'score': 0.3043}, {'keyword': 'thank love', 'score': 0.3031}, {'keyword': 'love thank', 'score': 0.2941}, {'keyword': 'episode love', 'score': 0.2519}, {'keyword': 'loved episode', 'score': 0.1654}, {'keyword': 'thank', 'score': 0.1396}, {'keyword': 'episode', 'score': 0.0138}]","{'help_seeking': {'count': 0, 'frequency': 0.0}, 'self_care': {'count': 0, 'frequency': 0.0}, 'support_networks': {'count': 0, 'frequency': 0.0}, 'treatment': {'count': 0, 'frequency': 0.0}}","{'shame': {'count': 0, 'frequency': 0.0}, 'fear': {'count': 0, 'frequency': 0.0}, 'dismissal': {'count': 0, 'frequency': 0.0}, 'normalization': {'count': 0, 'frequency': 0.0}, 'self_blame': {'count': 0, 'frequency': 0.0}}","{'positive': {'count': 0, 'frequency': 0.0}, 'negative': {'count': 0, 'frequency': 0.0}, 'anxiety': {'count': 0, 'frequency': 0.0}, 'depression': {'count': 0, 'frequency': 0.0}}",29
70,"[{'keyword': 'thank thank', 'score': 0.1687}, {'keyword': 'thank', 'score': 0.1322}]","{'help_seeking': {'count': 0, 'frequency': 0.0}, 'self_care': {'count': 0, 'frequency': 0.0}, 'support_networks': {'count': 0, 'frequency': 0.0}, 'treatment': {'count': 0, 'frequency': 0.0}}","{'shame': {'count': 0, 'frequency': 0.0}, 'fear': {'count': 0, 'frequency': 0.0}, 'dismissal': {'count': 0, 'frequency': 0.0}, 'normalization': {'count': 0, 'frequency': 0.0}, 'self_blame': {'count': 0, 'frequency': 0.0}}","{'positive': {'count': 0, 'frequency': 0.0}, 'negative': {'count': 0, 'frequency': 0.0}, 'anxiety': {'count': 0, 'frequency': 0.0}, 'depression': {'count': 0, 'frequency': 0.0}}",30
91,"[{'keyword': 'heaps thanks', 'score': 0.4055}, {'keyword': 'heaps mate', 'score': 0.354}, {'keyword': 'thanks heaps', 'score': 0.3522}, {'keyword': 'mate thanks', 'score': 0.2631}, {'keyword': 'thanks mate', 'score': 0.2619}, {'keyword': 'heaps', 'score': 0.2161}, {'keyword': 'mate', 'score': 0.1971}, {'keyword': 'thanks', 'score': 0.1702}]","{'help_seeking': {'count': 0, 'frequency': 0.0}, 'self_care': {'count': 0, 'frequency': 0.0}, 'support_networks': {'count': 0, 'frequency': 0.0}, 'treatment': {'count': 0, 'frequency': 0.0}}","{'shame': {'count': 0, 'frequency': 0.0}, 'fear': {'count': 0, 'frequency': 0.0}, 'dismissal': {'count': 0, 'frequency': 0.0}, 'normalization': {'count': 0, 'frequency': 0.0}, 'self_blame': {'count': 0, 'frequency': 0.0}}","{'positive': {'count': 0, 'frequency': 0.0}, 'negative': {'count': 0, 'frequency': 0.0}, 'anxiety': {'count': 0, 'frequency': 0.0}, 'depression': {'count': 0, 'frequency': 0.0}}",31
95,"[{'keyword': 'thank sharing', 'score': 0.4035}, {'keyword': 'sharing beautiful', 'score': 0.308}, {'keyword': 'ladies sharing', 'score': 0.2012}, {'keyword': 'thank work', 'score': 0.1876}, {'keyword': 'wow good', 'score': 0.1793}, {'keyword': 'great job', 'score': 0.1566}, {'keyword': 'love', 'score': 0.144}, {'keyword': 'sharing kindness', 'score': 0.1242}, {'keyword': 'sharing gb', 'score': 0.1165}, {'keyword': 'amazing thanks', 'score': 0.0666}]","{'help_seeking': {'count': 0, 'frequency': 0.0}, 'self_care': {'count': 0, 'frequency': 0.0}, 'support_networks': {'count': 1, 'frequency': 0.010526315789473684}, 'treatment': {'count': 0, 'frequency': 0.0}}","{'shame': {'count': 0, 'frequency': 0.0}, 'fear': {'count': 0, 'frequency': 0.0}, 'dismissal': {'count': 0, 'frequency': 0.0}, 'normalization': {'count': 0, 'frequency': 0.0}, 'self_blame': {'count': 0, 'frequency': 0.0}}","{'positive': {'count': 0, 'frequency': 0.0}, 'negative': {'count': 0, 'frequency': 0.0}, 'anxiety': {'count': 0, 'frequency': 0.0}, 'depression': {'count': 0, 'frequency': 0.0}}",32
180,"[{'keyword': 'thank thank', 'score': 0.2184}, {'keyword': 'thank', 'score': 0.1008}]","{'help_seeking': {'count': 0, 'frequency': 0.0}, 'self_care': {'count': 0, 'frequency': 0.0}, 'support_networks': {'count': 0, 'frequency': 0.0}, 'treatment': {'count': 0, 'frequency': 0.0}}","{'shame': {'count': 0, 'frequency': 0.0}, 'fear': {'count': 0, 'frequency': 0.0}, 'dismissal': {'count': 0, 'frequency': 0.0}, 'normalization': {'count': 0, 'frequency': 0.0}, 'self_blame': {'count': 0, 'frequency': 0.0}}","{'positive': {'count': 0, 'frequency': 0.0}, 'negative': {'count': 0, 'frequency': 0.0}, 'anxiety': {'count': 0, 'frequency': 0.0}, 'depression': {'count': 0, 'frequency': 0.0}}",33
81,"[{'keyword': 'thank video', 'score': 0.2049}, {'keyword': 'thank thankyou', 'score': 0.2019}, {'keyword': 'thank thank', 'score': 0.1637}, {'keyword': 'thankyou emma', 'score': 0.1503}, {'keyword': 'comment thank', 'score': 0.1366}, {'keyword': 'thanks thanks', 'score': 0.1088}, {'keyword': 'thank', 'score': 0.0971}, {'keyword': 'video', 'score': 0.0374}, {'keyword': 'comment', 'score': -0.0125}, {'keyword': 'emma', 'score': -0.0696}]","{'help_seeking': {'count': 0, 'frequency': 0.0}, 'self_care': {'count': 0, 'frequency': 0.0}, 'support_networks': {'count': 0, 'frequency': 0.0}, 'treatment': {'count': 0, 'frequency': 0.0}}","{'shame': {'count': 0, 'frequency': 0.0}, 'fear': {'count': 0, 'frequency': 0.0}, 'dismissal': {'count': 0, 'frequency': 0.0}, 'normalization': {'count': 0, 'frequency': 0.0}, 'self_blame': {'count': 0, 'frequency': 0.0}}","{'positive': {'count': 0, 'frequency': 0.0}, 'negative': {'count': 0, 'frequency': 0.0}, 'anxiety': {'count': 0, 'frequency': 0.0}, 'depression': {'count': 0, 'frequency': 0.0}}",34
61,"[{'keyword': 'thank thank', 'score': 0.2758}, {'keyword': 'thank thanks', 'score': 0.2503}, {'keyword': 'thank', 'score': 0.212}, {'keyword': 'thanks thanks', 'score': 0.1948}, {'keyword': 'thanks mom', 'score': 0.1211}, {'keyword': 'thanks emma', 'score': 0.12}, {'keyword': 'thanks mate', 'score': 0.1012}, {'keyword': 'mate', 'score': 0.0321}, {'keyword': 'mom', 'score': 0.0211}, {'keyword': 'emma', 'score': 0.0023}]","{'help_seeking': {'count': 0, 'frequency': 0.0}, 'self_care': {'count': 0, 'frequency': 0.0}, 'support_networks': {'count': 0, 'frequency': 0.0}, 'treatment': {'count': 0, 'frequency': 0.0}}","{'shame': {'count': 0, 'frequency': 0.0}, 'fear': {'count': 0, 'frequency': 0.0}, 'dismissal': {'count': 0, 'frequency': 0.0}, 'normalization': {'count': 0, 'frequency': 0.0}, 'self_blame': {'count': 0, 'frequency': 0.0}}","{'positive': {'count': 0, 'frequency': 0.0}, 'negative': {'count': 0, 'frequency': 0.0}, 'anxiety': {'count': 0, 'frequency': 0.0}, 'depression': {'count': 0, 'frequency': 0.0}}",35
55,"[{'keyword': 'thank thank', 'score': 0.2472}, {'keyword': 'thank', 'score': 0.187}]","{'help_seeking': {'count': 0, 'frequency': 0.0}, 'self_care': {'count': 0, 'frequency': 0.0}, 'support_networks': {'count': 0, 'frequency': 0.0}, 'treatment': {'count': 0, 'frequency': 0.0}}","{'shame': {'count': 0, 'frequency': 0.0}, 'fear': {'count': 0, 'frequency': 0.0}, 'dismissal': {'count': 0, 'frequency': 0.0}, 'normalization': {'count': 0, 'frequency': 0.0}, 'self_blame': {'count': 0, 'frequency': 0.0}}","{'positive': {'count': 0, 'frequency': 0.0}, 'negative': {'count': 0, 'frequency': 0.0}, 'anxiety': {'count': 0, 'frequency': 0.0}, 'depression': {'count': 0, 'frequency': 0.0}}",36
71,"[{'keyword': 'thank trish', 'score': 0.2594}, {'keyword': 'sister thank', 'score': 0.2586}, {'keyword': 'emma thank', 'score': 0.2461}, {'keyword': 'thank thank', 'score': 0.2393}, {'keyword': 'thank sister', 'score': 0.235}, {'keyword': 'thank', 'score': 0.2222}, {'keyword': 'thank emma', 'score': 0.2205}, {'keyword': 'trish', 'score': 0.1903}, {'keyword': 'sister', 'score': 0.1353}, {'keyword': 'emma', 'score': 0.1186}]","{'help_seeking': {'count': 0, 'frequency': 0.0}, 'self_care': {'count': 0, 'frequency': 0.0}, 'support_networks': {'count': 0, 'frequency': 0.0}, 'treatment': {'count': 0, 'frequency': 0.0}}","{'shame': {'count': 0, 'frequency': 0.0}, 'fear': {'count': 0, 'frequency': 0.0}, 'dismissal': {'count': 0, 'frequency': 0.0}, 'normalization': {'count': 0, 'frequency': 0.0}, 'self_blame': {'count': 0, 'frequency': 0.0}}","{'positive': {'count': 0, 'frequency': 0.0}, 'negative': {'count': 0, 'frequency': 0.0}, 'anxiety': {'count': 0, 'frequency': 0.0}, 'depression': {'count': 0, 'frequency': 0.0}}",37
159,"[{'keyword': 'emma thank', 'score': 0.2419}, {'keyword': 'thank thank', 'score': 0.2332}, {'keyword': 'thank emma', 'score': 0.2172}, {'keyword': 'thank', 'score': 0.2152}, {'keyword': 'emma', 'score': 0.1145}]","{'help_seeking': {'count': 0, 'frequency': 0.0}, 'self_care': {'count': 0, 'frequency': 0.0}, 'support_networks': {'count': 0, 'frequency': 0.0}, 'treatment': {'count': 0, 'frequency': 0.0}}","{'shame': {'count': 0, 'frequency': 0.0}, 'fear': {'count': 0, 'frequency': 0.0}, 'dismissal': {'count': 0, 'frequency': 0.0}, 'normalization': {'count': 0, 'frequency': 0.0}, 'self_blame': {'count': 0, 'frequency': 0.0}}","{'positive': {'count': 0, 'frequency': 0.0}, 'negative': {'count': 0, 'frequency': 0.0}, 'anxiety': {'count': 0, 'frequency': 0.0}, 'depression': {'count': 0, 'frequency': 0.0}}",38
82,"[{'keyword': 'thank thank', 'score': 0.2076}, {'keyword': 'thank thanks', 'score': 0.1895}, {'keyword': 'thanks thank', 'score': 0.1769}, {'keyword': 'thank', 'score': 0.1571}, {'keyword': 'emma thank', 'score': 0.1405}, {'keyword': 'thanks thanks', 'score': 0.1399}, {'keyword': 'thank emma', 'score': 0.1084}, {'keyword': 'thanks', 'score': 0.1001}, {'keyword': 'emma', 'score': 0.0003}]","{'help_seeking': {'count': 0, 'frequency': 0.0}, 'self_care': {'count': 0, 'frequency': 0.0}, 'support_networks': {'count': 0, 'frequency': 0.0}, 'treatment': {'count': 0, 'frequency': 0.0}}","{'shame': {'count': 0, 'frequency': 0.0}, 'fear': {'count': 0, 'frequency': 0.0}, 'dismissal': {'count': 0, 'frequency': 0.0}, 'normalization': {'count': 0, 'frequency': 0.0}, 'self_blame': {'count': 0, 'frequency': 0.0}}","{'positive': {'count': 0, 'frequency': 0.0}, 'negative': {'count': 0, 'frequency': 0.0}, 'anxiety': {'count': 0, 'frequency': 0.0}, 'depression': {'count': 0, 'frequency': 0.0}}",39
85,"[{'keyword': 'thank thankyou', 'score': 0.2107}, {'keyword': 'thankyou thank', 'score': 0.2073}, {'keyword': 'thank thank', 'score': 0.1686}, {'keyword': 'thank thanks', 'score': 0.1672}, {'keyword': 'thanks thank', 'score': 0.1608}, {'keyword': 'thankyou', 'score': 0.1492}, {'keyword': 'thanks thanks', 'score': 0.1308}, {'keyword': 'thank', 'score': 0.0812}, {'keyword': 'thanks', 'score': 0.0363}]","{'help_seeking': {'count': 0, 'frequency': 0.0}, 'self_care': {'count': 0, 'frequency': 0.0}, 'support_networks': {'count': 0, 'frequency': 0.0}, 'treatment': {'count': 0, 'frequency': 0.0}}","{'shame': {'count': 0, 'frequency': 0.0}, 'fear': {'count': 0, 'frequency': 0.0}, 'dismissal': {'count': 0, 'frequency': 0.0}, 'normalization': {'count': 0, 'frequency': 0.0}, 'self_blame': {'count': 0, 'frequency': 0.0}}","{'positive': {'count': 0, 'frequency': 0.0}, 'negative': {'count': 0, 'frequency': 0.0}, 'anxiety': {'count': 0, 'frequency': 0.0}, 'depression': {'count': 0, 'frequency': 0.0}}",40
206,"[{'keyword': 'videos tyler', 'score': 0.5197}, {'keyword': 'enjoy video', 'score': 0.4711}, {'keyword': 'amazing work', 'score': 0.4246}, {'keyword': 'thankyou stay', 'score': 0.4237}, {'keyword': 'doing wonderful', 'score': 0.4002}, {'keyword': 'upload superb', 'score': 0.3835}, {'keyword': 'man inspiring', 'score': 0.2886}, {'keyword': 'job love', 'score': 0.2753}, {'keyword': 'amazingly yard', 'score': 0.2682}, {'keyword': 'just wow', 'score': 0.2345}]","{'help_seeking': {'count': 1, 'frequency': 0.0048543689320388345}, 'self_care': {'count': 0, 'frequency': 0.0}, 'support_networks': {'count': 1, 'frequency': 0.0048543689320388345}, 'treatment': {'count': 0, 'frequency': 0.0}}","{'shame': {'count': 0, 'frequency': 0.0}, 'fear': {'count': 0, 'frequency': 0.0}, 'dismissal': {'count': 1, 'frequency': 0.0048543689320388345}, 'normalization': {'count': 1, 'frequency': 0.0048543689320388345}, 'self_blame': {'count': 0, 'frequency': 0.0}}","{'positive': {'count': 2, 'frequency': 0.009708737864077669}, 'negative': {'count': 0, 'frequency': 0.0}, 'anxiety': {'count': 0, 'frequency': 0.0}, 'depression': {'count': 0, 'frequency': 0.0}}",41
86,"[{'keyword': 'beautiful transformation', 'score': 0.4846}, {'keyword': 'beautiful work', 'score': 0.4471}, {'keyword': 'absolutely stunning', 'score': 0.4076}, {'keyword': 'great outstanding', 'score': 0.3945}, {'keyword': 'turned super', 'score': 0.2487}, {'keyword': 'job absolutely', 'score': 0.2413}, {'keyword': 'wow did', 'score': 0.2209}, {'keyword': 'merry christmas', 'score': 0.2198}, {'keyword': 'br', 'score': 0.1356}, {'keyword': 'sharing videos', 'score': 0.0285}]","{'help_seeking': {'count': 0, 'frequency': 0.0}, 'self_care': {'count': 0, 'frequency': 0.0}, 'support_networks': {'count': 1, 'frequency': 0.011627906976744186}, 'treatment': {'count': 0, 'frequency': 0.0}}","{'shame': {'count': 0, 'frequency': 0.0}, 'fear': {'count': 0, 'frequency': 0.0}, 'dismissal': {'count': 0, 'frequency': 0.0}, 'normalization': {'count': 0, 'frequency': 0.0}, 'self_blame': {'count': 0, 'frequency': 0.0}}","{'positive': {'count': 0, 'frequency': 0.0}, 'negative': {'count': 0, 'frequency': 0.0}, 'anxiety': {'count': 0, 'frequency': 0.0}, 'depression': {'count': 0, 'frequency': 0.0}}",42
74,"[{'keyword': 'loss condolences', 'score': 0.5076}, {'keyword': 'grief journey', 'score': 0.459}, {'keyword': 'hope coping', 'score': 0.4082}, {'keyword': 'loss happy', 'score': 0.3852}, {'keyword': 'hugs 39', 'score': 0.3321}, {'keyword': 'love wife', 'score': 0.3151}, {'keyword': 'therapy sorry', 'score': 0.297}, {'keyword': 'glad beautiful', 'score': 0.2384}, {'keyword': 'sending big', 'score': 0.2174}, {'keyword': 'isolate wish', 'score': 0.1917}]","{'help_seeking': {'count': 2, 'frequency': 0.02702702702702703}, 'self_care': {'count': 0, 'frequency': 0.0}, 'support_networks': {'count': 2, 'frequency': 0.02702702702702703}, 'treatment': {'count': 1, 'frequency': 0.013513513513513514}}","{'shame': {'count': 0, 'frequency': 0.0}, 'fear': {'count': 1, 'frequency': 0.013513513513513514}, 'dismissal': {'count': 0, 'frequency': 0.0}, 'normalization': {'count': 0, 'frequency': 0.0}, 'self_blame': {'count': 0, 'frequency': 0.0}}","{'positive': {'count': 2, 'frequency': 0.02702702702702703}, 'negative': {'count': 0, 'frequency': 0.0}, 'anxiety': {'count': 0, 'frequency': 0.0}, 'depression': {'count': 1, 'frequency': 0.013513513513513514}}",43
158,"[{'keyword': 'enjoy episode', 'score': 0.4863}, {'keyword': 'thanks watching', 'score': 0.3844}, {'keyword': 'thank glad', 'score': 0.2844}, {'keyword': 'aww', 'score': 0.2693}, {'keyword': 'emma glad', 'score': 0.2518}, {'keyword': '39 39', 'score': 0.2173}, {'keyword': 'doing frend', 'score': 0.1955}, {'keyword': 'hope like', 'score': 0.1481}, {'keyword': 'sticking long', 'score': 0.121}, {'keyword': 've', 'score': 0.1005}]","{'help_seeking': {'count': 1, 'frequency': 0.006329113924050633}, 'self_care': {'count': 0, 'frequency': 0.0}, 'support_networks': {'count': 0, 'frequency': 0.0}, 'treatment': {'count': 0, 'frequency': 0.0}}","{'shame': {'count': 0, 'frequency': 0.0}, 'fear': {'count': 0, 'frequency': 0.0}, 'dismissal': {'count': 0, 'frequency': 0.0}, 'normalization': {'count': 0, 'frequency': 0.0}, 'self_blame': {'count': 0, 'frequency': 0.0}}","{'positive': {'count': 1, 'frequency': 0.006329113924050633}, 'negative': {'count': 0, 'frequency': 0.0}, 'anxiety': {'count': 0, 'frequency': 0.0}, 'depression': {'count': 0, 'frequency': 0.0}}",44
266,"[{'keyword': 'helped thank', 'score': 0.3615}, {'keyword': 'thanks super', 'score': 0.2792}, {'keyword': 'sooooo helpful', 'score': 0.2532}, {'keyword': 'posting helpful', 'score': 0.2108}, {'keyword': 'thankyou really', 'score': 0.2097}, {'keyword': 'kindly thank', 'score': 0.2011}, {'keyword': 'lt super', 'score': 0.0866}, {'keyword': 'dang', 'score': 0.0686}, {'keyword': 'amazingly', 'score': 0.0464}, {'keyword': 'sooooo', 'score': 0.0414}]","{'help_seeking': {'count': 1, 'frequency': 0.0037593984962406013}, 'self_care': {'count': 0, 'frequency': 0.0}, 'support_networks': {'count': 0, 'frequency': 0.0}, 'treatment': {'count': 0, 'frequency': 0.0}}","{'shame': {'count': 0, 'frequency': 0.0}, 'fear': {'count': 0, 'frequency': 0.0}, 'dismissal': {'count': 0, 'frequency': 0.0}, 'normalization': {'count': 0, 'frequency': 0.0}, 'self_blame': {'count': 0, 'frequency': 0.0}}","{'positive': {'count': 0, 'frequency': 0.0}, 'negative': {'count': 0, 'frequency': 0.0}, 'anxiety': {'count': 0, 'frequency': 0.0}, 'depression': {'count': 0, 'frequency': 0.0}}",45
872,"[{'keyword': 'therapy videos', 'score': 0.5602}, {'keyword': 'greatful videos', 'score': 0.4392}, {'keyword': 'sent video', 'score': 0.3422}, {'keyword': 'love healing', 'score': 0.3394}, {'keyword': 'helping great', 'score': 0.3323}, {'keyword': 'thankyou sharing', 'score': 0.3136}, {'keyword': 'emma thanks', 'score': 0.2574}, {'keyword': '39 grateful', 'score': 0.2511}, {'keyword': 'feel comforted', 'score': 0.21}, {'keyword': 'reminders difficulty', 'score': 0.1882}]","{'help_seeking': {'count': 7, 'frequency': 0.008027522935779817}, 'self_care': {'count': 2, 'frequency': 0.0022935779816513763}, 'support_networks': {'count': 6, 'frequency': 0.006880733944954129}, 'treatment': {'count': 5, 'frequency': 0.005733944954128441}}","{'shame': {'count': 0, 'frequency': 0.0}, 'fear': {'count': 4, 'frequency': 0.0045871559633027525}, 'dismissal': {'count': 2, 'frequency': 0.0022935779816513763}, 'normalization': {'count': 2, 'frequency': 0.0022935779816513763}, 'self_blame': {'count': 0, 'frequency': 0.0}}","{'positive': {'count': 7, 'frequency': 0.008027522935779817}, 'negative': {'count': 1, 'frequency': 0.0011467889908256881}, 'anxiety': {'count': 2, 'frequency': 0.0022935779816513763}, 'depression': {'count': 1, 'frequency': 0.0011467889908256881}}",46
245,"[{'keyword': 'blessing emma', 'score': 0.5082}, {'keyword': 'thankyou emma', 'score': 0.4993}, {'keyword': 'great day', 'score': 0.254}, {'keyword': 'wonderful person', 'score': 0.2517}, {'keyword': 'nick thanks', 'score': 0.239}, {'keyword': 'thank doing', 'score': 0.2245}, {'keyword': 'mucho dear', 'score': 0.1825}, {'keyword': 'incredibly important', 'score': 0.155}, {'keyword': 'saving', 'score': 0.1133}, {'keyword': 'sharing knowledge', 'score': 0.0881}]","{'help_seeking': {'count': 1, 'frequency': 0.004081632653061225}, 'self_care': {'count': 0, 'frequency': 0.0}, 'support_networks': {'count': 2, 'frequency': 0.00816326530612245}, 'treatment': {'count': 0, 'frequency': 0.0}}","{'shame': {'count': 0, 'frequency': 0.0}, 'fear': {'count': 0, 'frequency': 0.0}, 'dismissal': {'count': 1, 'frequency': 0.004081632653061225}, 'normalization': {'count': 0, 'frequency': 0.0}, 'self_blame': {'count': 0, 'frequency': 0.0}}","{'positive': {'count': 1, 'frequency': 0.004081632653061225}, 'negative': {'count': 0, 'frequency': 0.0}, 'anxiety': {'count': 0, 'frequency': 0.0}, 'depression': {'count': 0, 'frequency': 0.0}}",47
